{
  "best_model_name": "LightGBM",
  "model_results": {
    "Linear Regression": {
      "train_rmse": 15.86954276172367,
      "test_rmse": 16.00018482497734,
      "train_mae": 9.860795126214695,
      "test_mae": 9.951091075215325,
      "train_r2": 0.9404659212117635,
      "test_r2": 0.9390870759576284,
      "cv_rmse": 15.870561973435965,
      "training_time": 0.0820000171661377
    },
    "Ridge Regression": {
      "train_rmse": 15.869542763721762,
      "test_rmse": 16.000185054834205,
      "train_mae": 9.860830394499049,
      "test_mae": 9.95112502406837,
      "train_r2": 0.940465921196772,
      "test_r2": 0.9390870742074919,
      "cv_rmse": 15.870561961262435,
      "training_time": 0.059999704360961914
    },
    "Lasso Regression": {
      "train_rmse": 15.939195711489264,
      "test_rmse": 16.064220629455487,
      "train_mae": 10.073944230567953,
      "test_mae": 10.152711624074811,
      "train_r2": 0.9399421727399543,
      "test_r2": 0.93859852990303,
      "cv_rmse": 15.94007389410042,
      "training_time": 0.23241400718688965
    },
    "Decision Tree": {
      "train_rmse": 12.722139293039563,
      "test_rmse": 14.263429022902578,
      "train_mae": 7.50372443084498,
      "test_mae": 8.085538698662022,
      "train_r2": 0.9617389307550706,
      "test_r2": 0.9515930923677393,
      "cv_rmse": 14.161555933550655,
      "training_time": 2.023435354232788
    },
    "Random Forest": {
      "train_rmse": 12.129652008413341,
      "test_rmse": 13.44100797161184,
      "train_mae": 6.942392562493092,
      "test_mae": 7.440521741858665,
      "train_r2": 0.9652196864496267,
      "test_r2": 0.9570143868192476,
      "cv_rmse": 13.21957782127481,
      "training_time": 139.00552773475647
    },
    "Extra Trees": {
      "train_rmse": 13.1589913319276,
      "test_rmse": 13.721757685799167,
      "train_mae": 7.590989679587846,
      "test_mae": 7.813064009596091,
      "train_r2": 0.9590662048577246,
      "test_r2": 0.9551999044253562,
      "cv_rmse": 13.57397694714334,
      "training_time": 24.606855630874634
    },
    "Gradient Boosting": {
      "train_rmse": 12.173075142060952,
      "test_rmse": 13.107042071523805,
      "train_mae": 6.785066080865949,
      "test_mae": 7.126208925108703,
      "train_r2": 0.9649702195197124,
      "test_r2": 0.9591239580859436,
      "cv_rmse": 12.87515615848778,
      "training_time": 129.32047080993652
    },
    "XGBoost": {
      "train_rmse": 12.33871657198456,
      "test_rmse": 13.093632388864947,
      "train_mae": 6.858911701079399,
      "test_mae": 7.152733999291601,
      "train_r2": 0.9640104193141126,
      "test_r2": 0.9592075550335781,
      "cv_rmse": 12.881238707634994,
      "training_time": 0.7885799407958984
    },
    "LightGBM": {
      "train_rmse": 12.550042794606565,
      "test_rmse": 13.048231019201378,
      "train_mae": 6.967653240458717,
      "test_mae": 7.1812649911186615,
      "train_r2": 0.9627670691697071,
      "test_r2": 0.9594899551977377,
      "cv_rmse": 12.888086668363277,
      "training_time": 2.5022149085998535
    }
  },
  "feature_columns": [
    "fare_lg",
    "lf_ms",
    "distance_cat_encoded",
    "fare_low",
    "fare_spread",
    "nsmiles",
    "large_ms",
    "combined_ms"
  ],
  "target_column": "fare",
  "training_date": "2025-11-28T19:01:49.934633",
  "dataset_shape": [
    176982,
    9
  ]
}